City_ID,City,Lat,Lng,Max Temp,Humidity,Cloudiness,Wind Speed,Country,Date
0,Lanzhou,36.0564,103.7922,35.01,32,37,0.22,CN,2021-02-20 21:47:51
1,Tarakan,3.3,117.6333,77.0,88,40,2.3,ID,2021-02-20 21:47:51
2,Hobart,-42.8794,147.3294,64.0,77,75,5.75,AU,2021-02-20 21:44:15
3,Bar Harbor,44.3876,-68.2039,30.2,43,90,5.75,US,2021-02-20 21:47:52
4,Saint-Philippe,-21.3585,55.7679,78.8,78,0,4.61,RE,2021-02-20 21:44:08
5,Lubu,23.1742,112.2809,68.0,99,3,1.05,CN,2021-02-20 21:47:52
6,Bredasdorp,-34.5322,20.0403,64.4,63,2,10.36,ZA,2021-02-20 21:44:19
7,Chuy,-33.6971,-53.4616,66.88,68,49,7.47,UY,2021-02-20 21:44:06
8,Rikitea,-23.1203,-134.9692,79.2,70,86,9.06,PF,2021-02-20 21:44:07
9,Nanortalik,60.1432,-45.2371,17.15,90,11,12.24,GL,2021-02-20 21:44:11
10,Dikson,73.5069,80.5464,-8.57,90,100,7.49,RU,2021-02-20 21:44:22
11,Punta Arenas,-53.15,-70.9167,57.2,62,75,20.71,CL,2021-02-20 21:41:34
12,Jamestown,42.097,-79.2353,21.0,73,90,17.27,US,2021-02-20 21:44:05
13,Hovd,48.0056,91.6419,23.11,74,0,6.91,MN,2021-02-20 21:46:01
14,Iqaluit,63.7506,-68.5145,-18.0,63,1,6.91,CA,2021-02-20 21:45:52
15,Ulaangom,49.9811,92.0667,13.82,96,99,6.93,MN,2021-02-20 21:42:05
16,Albany,42.6001,-73.9662,28.99,42,82,3.0,US,2021-02-20 21:44:09
17,Leningradskiy,69.3833,178.4167,-12.35,88,98,9.28,RU,2021-02-20 21:45:04
18,Misratah,32.3754,15.0925,59.5,71,39,12.59,LY,2021-02-20 21:43:41
19,Hermanus,-34.4187,19.2345,64.0,82,4,11.79,ZA,2021-02-20 21:44:04
20,Boffa,10.1667,-14.0333,76.8,74,21,3.51,GN,2021-02-20 21:47:55
21,Lavrentiya,65.5833,-171.0,-14.73,84,81,6.15,RU,2021-02-20 21:44:20
22,Kapaa,22.0752,-159.319,75.2,83,90,18.41,US,2021-02-20 21:42:46
23,New Norfolk,-42.7826,147.0587,64.0,82,72,1.77,AU,2021-02-20 21:44:05
24,Yingcheng,30.95,113.55,55.4,67,0,4.47,CN,2021-02-20 21:47:56
25,Busselton,-33.65,115.3333,62.01,89,6,1.99,AU,2021-02-20 21:44:10
26,Bluff,-46.6,168.3333,64.99,60,0,5.99,NZ,2021-02-20 21:44:04
27,Bukachacha,52.9833,116.9167,-6.7,88,100,1.74,RU,2021-02-20 21:47:56
28,Banda Aceh,5.5577,95.3222,77.49,78,21,11.72,ID,2021-02-20 21:46:06
29,Port Alfred,-33.5906,26.891,68.0,83,50,5.01,ZA,2021-02-20 21:44:22
30,Bengkulu,-3.8004,102.2655,74.79,87,84,4.85,ID,2021-02-20 21:45:59
31,Upernavik,72.7868,-56.1549,-22.72,84,96,14.81,GL,2021-02-20 21:44:54
32,Vertientes,21.2594,-78.1464,86.0,51,40,13.8,CU,2021-02-20 21:47:15
33,Okha,53.5739,142.9478,5.88,94,100,15.12,RU,2021-02-20 21:47:57
34,Butaritari,3.0707,172.7902,80.85,81,59,16.22,KI,2021-02-20 21:44:15
35,Tiksi,71.6872,128.8694,-29.11,85,35,1.9,RU,2021-02-20 21:44:19
36,Canico,32.6333,-16.85,55.4,71,40,19.57,PT,2021-02-20 21:44:04
37,Ushuaia,-54.8,-68.3,51.8,82,75,23.02,AR,2021-02-20 21:39:28
38,Cockburn Town,21.4612,-71.1419,80.6,65,40,17.27,TC,2021-02-20 21:45:49
39,Mar Del Plata,-38.0023,-57.5575,69.8,43,0,11.5,AR,2021-02-20 21:41:30
40,Nanakuli,21.3906,-158.1547,82.4,54,20,6.91,US,2021-02-20 21:47:58
41,Hilo,19.7297,-155.09,75.2,73,90,3.44,US,2021-02-20 21:43:19
42,Alyangula,-13.8483,136.4192,78.8,100,40,4.61,AU,2021-02-20 21:47:58
43,Ha Giang,22.8333,104.9833,62.51,80,79,0.45,VN,2021-02-20 21:47:59
44,Hervey Bay,-25.2986,152.8535,69.8,94,0,4.61,AU,2021-02-20 21:44:14
45,Sarkand,45.41,79.9186,27.91,92,91,1.86,KZ,2021-02-20 21:47:59
46,Vaini,-21.2,-175.2,80.6,61,75,11.5,TO,2021-02-20 21:44:09
47,Jablah,35.3614,35.9256,42.8,75,0,8.05,SY,2021-02-20 21:47:59
48,Sitka,57.0531,-135.33,39.2,81,90,19.57,US,2021-02-20 21:45:00
49,Cherskiy,68.75,161.3,-31.94,84,100,4.16,RU,2021-02-20 21:44:11
50,Vikulovo,56.8167,70.6107,-3.96,92,100,5.3,RU,2021-02-20 21:48:00
51,Abrau-Dyurso,44.69,37.59,28.4,69,64,6.71,RU,2021-02-20 21:48:00
52,Poso,-1.3959,120.7524,76.33,76,73,4.23,ID,2021-02-20 21:48:00
53,Bethel,41.3712,-73.414,30.99,55,75,5.75,US,2021-02-20 21:44:05
54,Makakilo City,21.3469,-158.0858,82.4,54,20,6.91,US,2021-02-20 21:48:01
55,San Jeronimo,-11.9472,-75.2829,58.77,52,85,3.09,PE,2021-02-20 21:48:01
56,Qaanaaq,77.484,-69.3632,-31.88,75,1,3.02,GL,2021-02-20 21:44:31
57,Ilulissat,69.2167,-51.1,-0.4,71,90,11.5,GL,2021-02-20 21:44:40
58,Coquimbo,-29.9533,-71.3436,66.2,72,20,12.66,CL,2021-02-20 21:41:40
59,Faya,18.3851,42.4509,57.2,88,40,9.22,SA,2021-02-20 21:44:48
60,Suez,29.9737,32.5263,53.46,68,0,7.63,EG,2021-02-20 21:48:02
61,San Patricio,28.017,-97.5169,64.4,48,40,14.97,US,2021-02-20 21:44:38
62,Ribeira Grande,38.5167,-28.7,53.6,76,40,11.5,PT,2021-02-20 21:44:29
63,Pevek,69.7008,170.3133,-21.86,87,100,4.9,RU,2021-02-20 21:44:13
64,Kieta,-6.2167,155.6333,83.17,73,77,2.82,PG,2021-02-20 21:48:02
65,Sakakah,29.9697,40.2064,50.0,40,0,4.61,SA,2021-02-20 21:46:08
66,Guerrero Negro,27.9769,-114.0611,67.69,51,0,15.01,MX,2021-02-20 21:45:40
67,Palana,59.1167,159.9667,2.91,93,88,7.87,RU,2021-02-20 21:44:16
68,Roma,43.2128,-75.4557,26.6,54,75,19.57,US,2021-02-20 21:45:33
69,Atuona,-9.8,-139.0333,79.36,79,100,12.24,PF,2021-02-20 21:44:17
70,Nikolskoye,59.7035,30.7861,19.4,79,90,6.71,RU,2021-02-20 21:44:38
71,Mahebourg,-20.4081,57.7,78.8,83,40,8.05,MU,2021-02-20 21:44:26
72,Khani,41.9563,42.9566,35.6,93,75,2.3,GE,2021-02-20 21:48:04
73,Bambous Virieux,-20.3428,57.7575,80.01,83,40,8.05,MU,2021-02-20 21:44:50
74,Dunedin,-45.8742,170.5036,62.01,71,11,7.0,NZ,2021-02-20 21:43:55
75,Cheltenham,51.9,-2.0833,54.0,84,100,7.0,GB,2021-02-20 21:48:04
76,Sinnamary,5.3833,-52.95,77.76,82,94,12.97,GF,2021-02-20 21:46:10
77,Provideniya,64.3833,-173.3,-7.6,77,40,17.9,RU,2021-02-20 21:44:21
78,Nikel,69.4128,30.222,-0.4,85,0,9.22,RU,2021-02-20 21:48:05
79,Santa Cruz Del Sur,20.7147,-77.9956,81.64,62,17,10.4,CU,2021-02-20 21:48:05
80,Acapulco,16.8634,-99.8901,82.4,61,1,13.8,MX,2021-02-20 21:40:12
81,Kavieng,-2.5744,150.7967,83.14,80,59,13.42,PG,2021-02-20 21:44:28
82,Dwarka,22.2394,68.9678,73.58,46,27,7.74,IN,2021-02-20 21:45:57
83,Arraial Do Cabo,-22.9661,-42.0278,80.6,83,40,9.22,BR,2021-02-20 21:44:12
84,Mataura,-46.1927,168.8643,64.99,60,0,5.99,NZ,2021-02-20 21:44:23
85,Mogadishu,2.0371,45.3438,77.07,79,82,19.19,SO,2021-02-20 21:48:06
86,Barrow,71.2906,-156.7887,-18.4,76,90,4.61,US,2021-02-20 21:41:11
87,Victoria,22.2855,114.1577,64.0,80,49,6.69,HK,2021-02-20 21:39:35
88,Pierre,44.3683,-100.351,39.2,45,20,12.66,US,2021-02-20 21:44:52
89,Honningsvag,70.9821,25.9704,19.02,88,0,32.73,NO,2021-02-20 21:48:07
90,Havelock,34.8791,-76.9013,44.6,42,1,14.97,US,2021-02-20 21:45:59
91,Narsaq,60.9167,-46.05,21.2,79,75,2.3,GL,2021-02-20 21:44:47
92,Denpasar,-8.65,115.2167,77.0,94,75,1.14,ID,2021-02-20 21:48:07
93,Airai,-8.9266,125.4092,61.03,100,100,1.1,TL,2021-02-20 21:44:14
94,Mahibadhoo,3.7833,72.9667,81.19,74,39,10.09,MV,2021-02-20 21:45:28
95,Lebu,-37.6167,-73.65,59.25,71,0,18.23,CL,2021-02-20 21:44:36
96,Carnarvon,-24.8667,113.6333,78.8,94,40,6.91,AU,2021-02-20 21:44:24
97,Stranda,62.3096,6.9358,42.01,88,100,7.65,NO,2021-02-20 21:48:08
98,Sao Filipe,14.8961,-24.4956,72.01,68,0,8.75,CV,2021-02-20 21:44:57
99,Palpa,-14.5336,-75.1856,84.29,37,0,9.35,PE,2021-02-20 21:48:08
100,Lorengau,-2.0226,147.2712,84.22,75,21,9.17,PG,2021-02-20 21:44:43
101,Avarua,-21.2078,-159.775,82.4,78,40,11.5,CK,2021-02-20 21:44:05
102,Tasiilaq,65.6145,-37.6368,32.0,80,90,25.32,GL,2021-02-20 21:44:07
103,Harlingen,26.1906,-97.6961,68.0,45,40,13.8,US,2021-02-20 21:48:09
104,Adrar,20.5022,-10.0711,71.82,17,0,7.4,MR,2021-02-20 21:45:14
105,Plouzane,48.3833,-4.6167,51.8,93,90,18.41,FR,2021-02-20 21:45:44
106,Sturgis,41.7992,-85.4192,24.8,54,1,4.61,US,2021-02-20 21:48:09
107,Lipari,38.4674,14.954,53.01,79,0,1.99,IT,2021-02-20 21:48:10
108,Omboue,-1.5746,9.2618,78.89,84,100,5.44,GA,2021-02-20 21:48:10
109,Castro,-24.7911,-50.0119,68.22,81,12,3.83,BR,2021-02-20 21:44:46
110,Yellowknife,62.456,-114.3525,-2.99,71,90,11.5,CA,2021-02-20 21:44:07
111,Vila Velha,-20.3297,-40.2925,82.99,83,75,14.97,BR,2021-02-20 21:44:16
112,Mitsamiouli,-11.3847,43.2844,82.18,74,100,4.25,KM,2021-02-20 21:44:12
113,Ambon,-3.6954,128.1814,75.2,94,40,4.61,ID,2021-02-20 21:46:07
114,Balakhta,55.38,91.6,-11.49,89,99,0.36,RU,2021-02-20 21:48:12
115,Ayan,56.45,138.1667,-1.55,83,100,7.74,RU,2021-02-20 21:44:13
116,Port Hardy,50.6996,-127.4199,41.0,87,90,5.75,CA,2021-02-20 21:45:42
117,Waterloo,43.4668,-80.5164,28.0,63,40,14.97,CA,2021-02-20 21:46:23
118,Puerto Ayora,-0.7393,-90.3518,81.0,78,75,3.44,EC,2021-02-20 21:44:27
119,Port Elizabeth,-33.918,25.5701,68.0,73,90,9.22,ZA,2021-02-20 21:42:20
120,Cape Town,-33.9258,18.4232,69.01,63,75,6.91,ZA,2021-02-20 21:42:38
121,Ende,-8.8432,121.6623,78.75,80,100,9.1,ID,2021-02-20 21:48:13
122,Nongan,44.382,125.1685,15.8,86,0,4.47,CN,2021-02-20 21:48:13
123,Dingle,10.9995,122.6711,72.21,83,100,9.55,PH,2021-02-20 21:44:52
124,Bela,25.9333,81.9833,58.33,37,0,2.86,IN,2021-02-20 21:48:13
125,Georgetown,5.4112,100.3354,78.8,73,20,4.61,MY,2021-02-20 21:44:25
126,Saskylakh,71.9167,114.0833,-28.12,84,89,2.84,RU,2021-02-20 21:44:39
127,Miyako,39.6367,141.9525,35.91,79,1,5.82,JP,2021-02-20 21:48:14
128,Kodiak,57.79,-152.4072,30.2,86,90,10.36,US,2021-02-20 21:42:12
129,Sibu,2.3,111.8167,71.6,100,20,1.86,MY,2021-02-20 21:46:05
130,Chimala,-8.85,34.0167,64.71,84,100,1.63,TZ,2021-02-20 21:48:14
131,Gravelbourg,49.8834,-106.5512,30.2,55,30,9.22,CA,2021-02-20 21:48:14
132,Yanam,16.7333,82.2167,73.2,83,100,7.23,IN,2021-02-20 21:48:14
133,Puerto Escondido,15.85,-97.0667,84.2,79,1,5.75,MX,2021-02-20 21:48:14
134,Norman Wells,65.282,-126.8329,-13.0,70,75,9.22,CA,2021-02-20 21:44:19
135,Carbonia,39.1672,8.5222,55.4,88,0,6.91,IT,2021-02-20 21:48:15
136,Goderich,43.7501,-81.7165,24.8,86,75,6.91,CA,2021-02-20 21:44:48
137,Klaksvik,62.2266,-6.589,46.4,93,75,36.82,FO,2021-02-20 21:44:30
138,Taitung,22.7583,121.1444,61.02,61,55,6.06,TW,2021-02-20 21:48:15
139,Esfarayen,37.0765,57.5101,33.8,80,0,4.61,IR,2021-02-20 21:48:15
140,Olinda,-8.0089,-34.8553,80.6,69,40,10.36,BR,2021-02-20 21:46:54
141,Grand Bend,43.3168,-81.7498,26.01,88,80,3.0,CA,2021-02-20 21:45:00
142,Konevo,62.1215,39.3192,-19.37,87,0,2.17,RU,2021-02-20 21:48:16
143,Inhambane,-23.865,35.3833,79.92,83,100,6.93,MZ,2021-02-20 21:44:05
144,Saint-Joseph,-21.3667,55.6167,78.8,78,0,4.61,RE,2021-02-20 21:44:55
145,Grindavik,63.8424,-22.4338,39.2,87,75,11.5,IS,2021-02-20 21:44:04
146,Hithadhoo,-0.6,73.0833,82.02,77,28,12.28,MV,2021-02-20 21:44:50
147,Roswell,34.0232,-84.3616,52.0,25,1,6.91,US,2021-02-20 21:48:17
148,Kupang,-10.1667,123.5833,75.2,100,40,2.3,ID,2021-02-20 21:44:05
149,Mattawa,46.7379,-119.9028,37.0,100,90,10.54,US,2021-02-20 21:48:17
150,Tuktoyaktuk,69.4541,-133.0374,-18.4,76,75,12.66,CA,2021-02-20 21:44:21
151,Kavaratti,10.5669,72.642,80.24,60,1,1.23,IN,2021-02-20 21:46:13
152,Katobu,-4.9408,122.5276,77.23,86,100,4.5,ID,2021-02-20 21:48:18
153,San Quintin,30.4833,-115.95,61.92,71,0,25.26,MX,2021-02-20 21:45:14
154,Monforte De Lemos,42.5216,-7.5142,42.01,97,100,1.99,ES,2021-02-20 21:48:18
155,Naze,28.3667,129.4833,53.6,82,40,4.61,JP,2021-02-20 21:48:18
156,Leninogorsk,54.6026,52.4609,-18.35,89,93,3.29,RU,2021-02-20 21:48:18
157,Bilibino,68.0546,166.4372,-24.23,64,0,1.39,RU,2021-02-20 21:48:18
158,Djibo,14.1022,-1.6306,75.51,16,61,9.82,BF,2021-02-20 21:48:19
159,Sur,22.5667,59.5289,66.97,52,0,3.38,OM,2021-02-20 21:44:40
160,Geraldton,-28.7667,114.6,62.6,88,0,11.48,AU,2021-02-20 21:45:30
161,Nevelsk,46.6733,141.8633,-4.0,84,20,18.54,RU,2021-02-20 21:45:48
162,Saint-Francois,46.4154,3.9054,55.4,54,0,17.27,FR,2021-02-20 21:48:19
163,Mangai,-4.05,19.5333,69.64,94,92,1.66,CD,2021-02-20 21:48:19
164,Ferry Pass,30.5102,-87.2125,64.0,26,1,5.75,US,2021-02-20 21:47:08
165,Bajil,15.0584,43.2851,76.75,70,72,5.82,YE,2021-02-20 21:43:20
166,Fare,-16.7,-151.0167,81.39,77,100,15.05,PF,2021-02-20 21:48:20
167,Esperance,-33.8667,121.9,57.2,88,0,5.75,AU,2021-02-20 21:44:28
168,Rayong,12.8333,101.4333,73.99,98,82,1.97,TH,2021-02-20 21:48:20
169,Namibe,-15.1961,12.1522,72.03,71,100,7.34,AO,2021-02-20 21:44:16
170,Gornopravdinsk,60.05,69.9,-15.72,88,97,2.93,RU,2021-02-20 21:48:21
171,Pisco,-13.7,-76.2167,75.2,73,0,11.5,PE,2021-02-20 21:44:13
172,Katakwi,1.8911,33.9661,71.74,50,26,3.49,UG,2021-02-20 21:48:21
173,Thompson,55.7435,-97.8558,12.2,73,90,9.22,CA,2021-02-20 21:44:25
174,Kruisfontein,-34.0033,24.7314,66.99,73,45,4.54,ZA,2021-02-20 21:45:49
175,Ponta Do Sol,32.6667,-17.1,48.99,78,56,14.0,PT,2021-02-20 21:45:09
176,Catalina Foothills,32.2979,-110.9187,80.01,11,48,7.0,US,2021-02-20 21:48:22
177,Yermekeyevo,54.0761,53.6712,-16.35,88,100,3.71,RU,2021-02-20 21:48:22
178,Talnakh,69.4865,88.3972,-31.74,69,60,2.55,RU,2021-02-20 21:45:11
179,Uarini,-2.99,-65.1083,80.6,89,75,8.05,BR,2021-02-20 21:48:22
180,Portobelo,9.55,-79.65,81.0,99,12,13.71,PA,2021-02-20 21:48:22
181,Mahon,39.8885,4.2658,55.4,94,90,13.8,ES,2021-02-20 21:48:23
182,Hasaki,35.7333,140.8333,41.0,87,20,1.14,JP,2021-02-20 21:44:23
183,Vao,-22.6667,167.4833,79.52,84,97,20.65,NC,2021-02-20 21:45:02
184,Torbay,47.6666,-52.7314,25.0,74,90,11.5,CA,2021-02-20 21:44:32
185,San Sebastian El Grande,20.5167,-103.4167,82.0,21,20,4.61,MX,2021-02-20 21:48:23
186,Presidencia Roque Saenz Pena,-26.7852,-60.4388,91.0,39,54,1.99,AR,2021-02-20 21:46:01
187,Faanui,-16.4833,-151.75,81.61,77,100,14.45,PF,2021-02-20 21:44:18
188,Bure,10.7,37.0667,56.64,61,5,4.5,ET,2021-02-20 21:45:47
189,Krasnoselkup,65.7,82.4667,-39.69,81,51,6.51,RU,2021-02-20 21:48:24
190,Khatanga,71.9667,102.5,-24.74,86,96,4.32,RU,2021-02-20 21:44:12
191,Pacific Grove,36.6177,-121.9166,55.99,71,1,14.97,US,2021-02-20 21:44:36
192,Kalemie,-5.9475,29.1947,70.27,85,100,6.17,CD,2021-02-20 21:48:24
193,Palmas De Monte Alto,-14.2672,-43.1619,72.55,89,99,5.03,BR,2021-02-20 21:48:25
194,Izumo,35.3667,132.7667,51.8,76,40,14.97,JP,2021-02-20 21:42:03
195,Neiafu,-18.65,-173.9833,80.6,69,75,8.05,TO,2021-02-20 21:45:35
196,Te Anau,-45.4167,167.7167,63.7,52,15,2.55,NZ,2021-02-20 21:44:37
197,Arman,59.7,150.1667,0.5,85,100,13.27,RU,2021-02-20 21:48:25
198,Belaya Gora,68.5333,146.4167,-37.14,83,48,2.93,RU,2021-02-20 21:44:21
199,Oriximina,-1.7656,-55.8661,78.35,89,100,3.69,BR,2021-02-20 21:48:26
200,Mali,12.079,-12.2982,93.2,29,30,2.62,GN,2021-02-20 21:48:26
201,Camacha,33.0833,-16.3333,53.6,76,40,13.8,PT,2021-02-20 21:44:26
202,Sao Felix Do Xingu,-6.6447,-51.995,74.91,94,100,1.95,BR,2021-02-20 21:44:55
203,Puerto Quijarro,-17.7833,-57.7667,87.12,39,91,2.35,BO,2021-02-20 21:48:27
204,Champerico,14.3,-91.9167,89.6,55,40,11.5,GT,2021-02-20 21:48:27
205,Kaduqli,11.0167,29.7167,71.83,19,64,13.56,SD,2021-02-20 21:48:27
206,Isangel,-19.55,169.2667,80.6,89,90,7.94,VU,2021-02-20 21:45:36
207,Hamilton,39.1834,-84.5333,32.0,43,20,6.91,US,2021-02-20 21:41:36
208,Necochea,-38.5473,-58.7368,66.99,51,0,4.0,AR,2021-02-20 21:45:29
209,Sorland,67.667,12.6934,33.13,97,100,23.91,NO,2021-02-20 21:48:28
210,Kushiro,42.975,144.3747,27.95,87,2,21.97,JP,2021-02-20 21:45:24
211,Mantenopolis,-18.8625,-41.1228,71.17,96,99,7.85,BR,2021-02-20 21:48:28
212,Varazdin,46.3044,16.3378,39.99,87,54,3.0,HR,2021-02-20 21:48:28
213,Oistins,13.0667,-59.5333,75.2,73,75,13.8,BB,2021-02-20 21:48:28
214,Gazalkent,41.5581,69.7708,44.6,76,75,1.99,UZ,2021-02-20 21:48:29
215,Kuusamo,65.9667,29.1833,-2.2,78,75,10.36,FI,2021-02-20 21:48:29
216,Gamba,-2.65,10.0,79.34,82,100,5.7,GA,2021-02-20 21:48:29
217,Starkville,33.4504,-88.8184,48.99,49,1,3.44,US,2021-02-20 21:48:29
218,Bilma,18.6853,12.9164,64.89,25,94,5.46,NE,2021-02-20 21:45:37
219,Tommot,58.9564,126.2925,-22.32,84,100,1.25,RU,2021-02-20 21:48:29
220,Deputatskiy,69.3,139.9,-31.81,86,3,2.01,RU,2021-02-20 21:44:28
221,Lasa,46.6166,10.7002,39.99,87,0,2.3,IT,2021-02-20 21:45:03
222,Roald,62.5833,6.1333,46.4,71,40,8.05,NO,2021-02-20 21:45:16
223,Kahului,20.8947,-156.47,80.6,54,40,23.02,US,2021-02-20 21:40:16
224,Partizanskoye,55.5006,94.39,-9.24,88,100,6.69,RU,2021-02-20 21:48:30
225,Christchurch,-43.5333,172.6333,70.0,68,99,2.3,NZ,2021-02-20 21:48:30
226,Saldanha,-33.0117,17.9442,62.6,72,0,3.44,ZA,2021-02-20 21:44:45
227,Saint-Augustin,51.226,-58.6502,5.72,89,11,6.96,CA,2021-02-20 21:44:54
228,Longyearbyen,78.2186,15.6401,23.0,68,40,13.8,SJ,2021-02-20 21:44:35
229,Byron Bay,-28.65,153.6167,73.0,94,75,13.8,AU,2021-02-20 21:47:40
230,Alofi,-19.0595,-169.9187,82.4,69,48,23.02,NU,2021-02-20 21:44:24
231,Elwood,-37.8817,144.983,66.99,94,90,3.44,AU,2021-02-20 21:48:31
232,Murupara,-38.4667,176.7,72.0,73,0,1.99,NZ,2021-02-20 21:48:32
233,Alta Floresta,-9.8756,-56.0861,71.73,97,100,4.63,BR,2021-02-20 21:45:47
234,Santa Rosa,14.3122,121.1114,73.4,68,40,10.85,PH,2021-02-20 21:40:57
235,Acarau,-2.8856,-40.12,81.03,74,51,14.23,BR,2021-02-20 21:48:32
236,Vallenar,-28.5708,-70.7581,80.29,26,0,6.33,CL,2021-02-20 21:48:32
237,Nizwa,22.9333,57.5333,58.91,37,0,2.1,OM,2021-02-20 21:48:32
238,Bathsheba,13.2167,-59.5167,75.2,73,75,13.8,BB,2021-02-20 21:45:25
239,Atar,20.5169,-13.0499,67.86,20,0,5.5,MR,2021-02-20 21:44:34
240,Mount Hagen,-5.8581,144.2274,62.91,87,93,0.4,PG,2021-02-20 21:48:33
241,Poum,-20.2333,164.0167,82.72,75,100,4.21,NC,2021-02-20 21:44:18
242,Tocopilla,-22.092,-70.1979,72.23,55,26,9.93,CL,2021-02-20 21:45:47
243,Villa Union,23.2,-106.2333,77.0,65,1,5.75,MX,2021-02-20 21:48:33
244,Port Augusta,-32.5,137.7667,66.99,77,40,13.8,AU,2021-02-20 21:48:33
245,Udachnyy,66.4167,112.4,-36.63,81,87,3.87,RU,2021-02-20 21:48:34
246,Kangundo,-1.2979,37.3471,69.8,77,0,4.61,KE,2021-02-20 21:48:34
247,North Myrtle Beach,33.816,-78.68,51.01,32,1,8.05,US,2021-02-20 21:43:52
248,Skjervoy,70.0311,20.9714,16.75,91,100,29.68,NO,2021-02-20 21:45:01
249,Inta,66.0317,60.1659,-38.11,80,2,7.56,RU,2021-02-20 21:48:35
250,Shingu,33.7333,135.9833,47.37,77,0,6.49,JP,2021-02-20 21:48:35
251,Severo-Kurilsk,50.6789,156.125,28.15,95,96,15.37,RU,2021-02-20 21:44:08
252,Ust-Tsilma,65.441,52.1498,-30.12,84,87,5.32,RU,2021-02-20 21:48:35
253,Hoquiam,46.9809,-123.8893,48.99,81,75,14.97,US,2021-02-20 21:48:35
254,Garachine,8.0647,-78.3628,80.98,80,20,6.78,PA,2021-02-20 21:48:35
255,Ballina,-28.8667,153.5667,73.4,94,75,13.8,AU,2021-02-20 21:46:11
256,Hualmay,-11.0964,-77.6139,74.25,69,1,12.77,PE,2021-02-20 21:48:36
257,Kaitangata,-46.2817,169.8464,64.0,72,0,7.0,NZ,2021-02-20 21:44:29
258,North Platte,41.1239,-100.7654,35.6,69,75,9.22,US,2021-02-20 21:48:36
259,Mayya,61.7333,130.2811,-40.0,67,97,2.24,RU,2021-02-20 21:48:36
260,Avera,33.194,-82.5271,55.4,22,1,6.91,US,2021-02-20 21:45:20
261,Lesnikovo,55.2822,65.3175,-3.98,92,97,9.01,RU,2021-02-20 21:48:37
262,Barra Dos Coqueiros,-10.9089,-37.0386,82.4,65,20,16.11,BR,2021-02-20 21:46:05
263,Namatanai,-3.6667,152.4333,82.78,75,12,5.19,PG,2021-02-20 21:45:15
264,Tonota,-21.4833,27.4833,76.17,54,97,9.31,BW,2021-02-20 21:48:37
265,Ancud,-41.8697,-73.8203,64.0,51,0,8.05,CL,2021-02-20 21:44:48
266,Jurado,7.1053,-77.7641,81.16,80,33,3.4,CO,2021-02-20 21:48:38
267,Yuci,37.6803,112.7319,32.0,40,0,2.24,CN,2021-02-20 21:48:38
268,Virginia Beach,36.8529,-75.978,41.0,38,40,16.11,US,2021-02-20 21:48:38
269,Hami,42.8,93.45,38.57,65,1,9.46,CN,2021-02-20 21:44:10
270,Yichang,30.7144,111.2847,53.01,48,1,4.83,CN,2021-02-20 21:48:38
271,Constitucion,-35.3333,-72.4167,65.44,48,0,11.03,CL,2021-02-20 21:44:41
272,Haines Junction,60.7522,-137.5108,-0.4,55,100,3.44,CA,2021-02-20 21:44:22
273,Mbouda,5.6258,10.2552,64.56,50,100,6.04,CM,2021-02-20 21:48:39
274,Sena Madureira,-9.0656,-68.6569,81.23,82,58,3.06,BR,2021-02-20 21:48:39
275,Ouadda,8.0777,22.4007,69.12,23,94,5.68,CF,2021-02-20 21:48:39
276,Pochutla,15.7432,-96.4661,88.0,48,1,9.22,MX,2021-02-20 21:44:41
277,Pangkalanbuun,-2.6833,111.6167,73.63,96,83,1.3,ID,2021-02-20 21:45:03
278,Kahuta,33.5913,73.3868,55.0,70,54,6.82,PK,2021-02-20 21:48:40
279,Cairns,-16.9167,145.7667,75.2,88,90,1.14,AU,2021-02-20 21:48:06
280,Soyo,-6.1349,12.3689,79.56,77,100,4.32,AO,2021-02-20 21:44:47
281,Abbeville,50.1,1.8333,55.0,74,88,15.14,FR,2021-02-20 21:46:49
282,Berdigestyakh,62.0989,126.6992,-23.51,84,100,2.35,RU,2021-02-20 21:48:40
283,San Cristobal,7.7669,-72.225,86.0,51,40,11.5,VE,2021-02-20 21:45:56
284,Plymouth,41.8334,-70.8328,33.8,74,90,4.61,US,2021-02-20 21:47:54
285,Nouadhibou,20.931,-17.0347,64.4,77,0,12.66,MR,2021-02-20 21:48:41
286,Clyde River,70.4692,-68.5914,-32.8,68,40,3.44,CA,2021-02-20 21:44:14
287,Luderitz,-26.6481,15.1594,64.87,64,1,25.72,NA,2021-02-20 21:45:22
288,East London,-33.0153,27.9116,71.31,75,91,5.84,ZA,2021-02-20 21:44:33
289,Dudinka,69.4058,86.1778,-36.76,76,51,0.98,RU,2021-02-20 21:45:32
290,Taltal,-25.4,-70.4833,70.16,61,22,4.7,CL,2021-02-20 21:46:08
291,Ahipara,-35.1667,173.1667,69.3,61,83,6.13,NZ,2021-02-20 21:48:42
292,Kargasok,59.0556,80.8572,-18.62,87,100,7.18,RU,2021-02-20 21:45:51
293,Pavlodolskaya,43.7192,44.4781,14.0,92,18,4.47,RU,2021-02-20 21:48:42
294,Lagoa,39.05,-27.9833,54.07,66,100,21.36,PT,2021-02-20 21:44:42
295,Shambu,9.5667,37.1,57.04,66,99,2.17,ET,2021-02-20 21:48:42
296,Kaeo,-35.1,173.7833,72.0,76,40,5.01,NZ,2021-02-20 21:45:18
297,Nabire,-3.3667,135.4833,76.19,86,87,3.53,ID,2021-02-20 21:44:58
298,Bud,39.447,-86.1758,30.99,62,100,6.11,US,2021-02-20 21:46:10
299,Karratha,-20.7377,116.8463,84.51,67,61,8.97,AU,2021-02-20 21:45:36
300,Leshukonskoye,64.8989,45.7622,-30.78,84,0,3.76,RU,2021-02-20 21:48:43
301,Biltine,14.5333,20.9167,63.72,24,0,12.8,TD,2021-02-20 21:48:43
302,Nome,64.5011,-165.4064,-9.4,64,1,6.22,US,2021-02-20 21:44:06
303,Pedernales,18.0384,-71.744,80.46,56,1,4.56,DO,2021-02-20 21:44:27
304,Manyana,-23.4,21.7167,73.89,59,12,6.53,BW,2021-02-20 21:48:44
305,Beroroha,-21.6667,45.1667,77.68,87,100,0.47,MG,2021-02-20 21:48:44
306,Olafsvik,64.8945,-23.7142,38.95,76,82,15.55,IS,2021-02-20 21:44:26
307,Bonnyville,54.2668,-110.735,33.8,51,40,12.66,CA,2021-02-20 21:45:07
308,Severodvinsk,64.5635,39.8302,-27.4,68,20,4.47,RU,2021-02-20 21:48:45
309,Dodge City,37.7528,-100.0171,57.2,30,1,21.85,US,2021-02-20 21:48:45
310,Mecca,21.4267,39.8261,67.05,51,0,5.95,SA,2021-02-20 21:45:01
311,Aguimes,27.9054,-15.4461,70.0,77,20,24.16,ES,2021-02-20 21:48:45
312,Nishihara,26.1842,127.7558,53.6,76,20,3.44,JP,2021-02-20 21:48:45
313,Juba,4.8517,31.5825,75.47,24,53,1.79,SS,2021-02-20 21:48:45
314,Zhaotong,27.3167,103.7167,44.38,87,46,1.1,CN,2021-02-20 21:48:46
315,Buraydah,26.326,43.975,53.6,82,40,9.22,SA,2021-02-20 21:48:46
316,Evensk,61.95,159.2333,-2.96,77,68,10.85,RU,2021-02-20 21:48:46
317,Chokurdakh,70.6333,147.9167,-32.08,84,75,5.26,RU,2021-02-20 21:44:19
318,Plaeng Yao,13.5847,101.284,78.01,69,67,2.98,TH,2021-02-20 21:48:46
319,Danjiangkou,32.5428,111.5086,55.98,39,0,4.12,CN,2021-02-20 21:48:46
320,Katherine,-14.4667,132.2667,77.0,100,75,5.75,AU,2021-02-20 21:48:47
321,Jardim,-21.4803,-56.1381,80.24,59,0,4.38,BR,2021-02-20 21:47:26
322,Aykhal,66.0,111.5,-35.43,81,86,1.9,RU,2021-02-20 21:48:47
323,Lompoc,34.6391,-120.4579,59.0,44,1,19.57,US,2021-02-20 21:44:18
324,Cidreira,-30.1811,-50.2056,75.02,77,0,5.14,BR,2021-02-20 21:44:21
325,Port Lincoln,-34.7333,135.8667,61.54,70,46,10.36,AU,2021-02-20 21:44:17
326,Aswan,24.0934,32.907,54.57,39,0,11.45,EG,2021-02-20 21:48:48
327,Itoman,26.1247,127.6694,53.6,76,20,3.44,JP,2021-02-20 21:48:48
328,Sabang,5.8933,95.3214,81.88,76,36,21.14,ID,2021-02-20 21:48:48
329,Tamandare,-8.7597,-35.1047,79.03,79,100,9.08,BR,2021-02-20 21:48:48
330,Arlit,18.7369,7.3853,65.91,22,15,9.44,NE,2021-02-20 21:44:55
331,Mount Gambier,-37.8333,140.7667,57.2,72,90,6.91,AU,2021-02-20 21:45:54
332,Berkak,62.825,10.0118,35.01,95,63,9.6,NO,2021-02-20 21:48:49
333,Morgaushi,55.9643,46.7743,-4.0,84,75,2.24,RU,2021-02-20 21:48:49
334,Esmeraldas,-19.7625,-44.3139,75.2,83,40,4.61,BR,2021-02-20 21:48:49
335,Kattivakkam,13.2167,80.3167,75.2,83,75,13.8,IN,2021-02-20 21:48:49
336,Jining,35.405,116.5814,51.01,47,0,8.81,CN,2021-02-20 21:48:49
337,Mahajanga,-15.7167,46.3167,80.46,84,100,10.02,MG,2021-02-20 21:48:49
338,Sorong,-0.8833,131.25,81.09,76,100,6.78,ID,2021-02-20 21:48:49
339,Brumado,-14.2036,-41.6653,74.89,84,97,4.85,BR,2021-02-20 21:48:50
340,Port Keats,-14.25,129.55,77.49,85,97,4.79,AU,2021-02-20 21:48:50
341,Tessalit,20.1986,1.0114,69.4,18,0,11.99,ML,2021-02-20 21:48:50
342,Komsomolskiy,40.4272,71.7189,44.6,87,90,4.61,UZ,2021-02-20 21:48:50
343,Myanaung,18.2833,95.3167,70.95,57,8,2.59,MM,2021-02-20 21:48:50
344,Hofn,64.2539,-15.2082,39.7,77,56,14.79,IS,2021-02-20 21:45:30
345,Zaysan,47.4667,84.8667,4.71,91,56,2.71,KZ,2021-02-20 21:45:58
346,Stykkisholmur,65.0757,-22.7297,33.75,90,79,10.6,IS,2021-02-20 21:48:51
347,Sao Gabriel Da Cachoeira,-0.1303,-67.0892,77.0,94,20,5.75,BR,2021-02-20 21:48:51
348,Prestea,5.4327,-2.1428,76.87,88,37,3.98,GH,2021-02-20 21:48:51
349,Filingue,14.3521,3.3168,74.01,16,71,9.28,NE,2021-02-20 21:48:52
350,Yerbogachen,61.2767,108.0108,-26.72,85,95,3.27,RU,2021-02-20 21:48:52
351,Sanchor,24.7553,71.7722,59.9,33,0,3.62,IN,2021-02-20 21:48:52
352,Tekkali,18.6167,84.2333,66.85,75,77,4.81,IN,2021-02-20 21:48:52
353,Lebrija,36.9208,-6.0753,57.99,72,0,16.11,ES,2021-02-20 21:48:52
354,Tiznit,29.5833,-9.5,63.27,30,80,3.31,MA,2021-02-20 21:44:25
355,Aquiraz,-3.9014,-38.3911,78.8,89,75,6.91,BR,2021-02-20 21:48:53
356,Turukhansk,65.8167,87.9833,-24.75,86,100,6.6,RU,2021-02-20 21:48:53
357,Ormara,25.2088,64.6357,73.31,47,0,5.88,PK,2021-02-20 21:48:53
358,Livingston,55.9029,-3.5226,51.8,82,75,26.46,GB,2021-02-20 21:48:53
359,Baruun-Urt,46.6806,113.2792,12.6,94,57,11.27,MN,2021-02-20 21:48:53
360,Fairbanks,64.8378,-147.7164,-7.01,76,20,2.42,US,2021-02-20 21:43:36
361,Merauke,-8.4667,140.3333,77.25,89,100,12.12,ID,2021-02-20 21:44:43
362,Guadalupe Victoria,32.2869,-115.105,84.0,12,1,2.3,MX,2021-02-20 21:48:54
363,La Ronge,55.1001,-105.2842,35.6,44,86,6.91,CA,2021-02-20 21:46:09
364,Hailar,49.2,119.7,1.26,89,100,2.21,CN,2021-02-20 21:48:54
365,Yar-Sale,66.8333,70.8333,-26.68,85,100,8.16,RU,2021-02-20 21:45:33
366,Benalla,-36.55,145.9833,72.0,88,75,2.3,AU,2021-02-20 21:48:55
367,Tynda,55.1667,124.7167,-28.46,81,0,1.86,RU,2021-02-20 21:48:55
368,Mehamn,71.0357,27.8492,17.24,91,8,25.34,NO,2021-02-20 21:44:21
369,Ladysmith,48.9829,-123.8194,46.4,49,90,4.61,CA,2021-02-20 21:48:55
370,Nanchang,28.6833,115.8833,54.36,63,0,4.54,CN,2021-02-20 21:48:56
371,Aklavik,68.2191,-135.0107,-18.4,76,40,3.44,CA,2021-02-20 21:44:32
372,Atasu,48.6814,71.6433,-6.74,89,15,8.03,KZ,2021-02-20 21:44:56
373,Boca Do Acre,-8.7522,-67.3978,78.42,94,90,3.09,BR,2021-02-20 21:48:56
374,Zaranj,30.9667,61.8833,59.0,41,0,13.8,AF,2021-02-20 21:48:56
375,Belmonte,-15.8631,-38.8828,80.6,69,40,10.36,BR,2021-02-20 21:48:56
376,Olean,42.0776,-78.4297,21.2,79,90,5.75,US,2021-02-20 21:48:56
377,Berlevag,70.8578,29.0864,17.62,92,25,27.0,NO,2021-02-20 21:48:57
378,Tiarei,-17.5333,-149.3333,80.6,74,75,6.91,PF,2021-02-20 21:48:57
379,Kamaishi,39.2667,141.8833,37.06,77,5,7.7,JP,2021-02-20 21:48:57
380,Touros,-5.1989,-35.4608,82.4,74,40,18.41,BR,2021-02-20 21:48:57
381,Yatou,37.15,122.3833,46.65,60,66,14.65,CN,2021-02-20 21:48:57
382,Anadyr,64.75,177.4833,-32.8,68,0,6.71,RU,2021-02-20 21:44:55
383,Henties Bay,-22.116,14.2845,63.0,85,0,1.99,NA,2021-02-20 21:48:58
384,Gejiu,23.306,103.1635,45.43,100,57,2.64,CN,2021-02-20 21:45:01
385,Pozo Colorado,-23.4923,-58.7972,88.57,36,0,5.86,PY,2021-02-20 21:48:58
386,Maniitsoq,65.4167,-52.9,1.92,87,47,3.91,GL,2021-02-20 21:48:58
387,Zhigansk,66.7697,123.3711,-36.4,81,29,5.21,RU,2021-02-20 21:45:58
388,Tarusan,8.6546,117.5104,72.52,77,100,3.04,PH,2021-02-20 21:48:58
389,Sovetskiy,61.3614,63.5842,-22.56,87,90,5.23,RU,2021-02-20 21:44:30
390,Nemuro,43.3236,145.575,27.77,90,5,25.99,JP,2021-02-20 21:45:13
391,Polyarnyy,69.1989,33.4478,-23.8,76,20,9.42,RU,2021-02-20 21:48:59
392,Xai-Xai,-25.0519,33.6442,77.29,91,100,6.13,MZ,2021-02-20 21:48:59
393,Grand-Santi,4.25,-54.3833,75.81,90,93,2.71,GF,2021-02-20 21:45:29
394,Ostrovnoy,68.0531,39.5131,-14.22,87,92,8.72,RU,2021-02-20 21:44:10
395,Springdale,36.1867,-94.1288,46.4,42,1,6.91,US,2021-02-20 21:48:59
396,Rancho Palos Verdes,33.7445,-118.387,66.99,24,1,18.41,US,2021-02-20 21:45:43
397,North Bend,43.4065,-124.2243,52.0,66,40,8.05,US,2021-02-20 21:45:37
398,Tsaratanana,-16.7833,47.65,75.15,81,99,4.21,MG,2021-02-20 21:49:00
399,Taoudenni,22.6783,-3.9836,79.63,16,1,9.73,ML,2021-02-20 21:44:44
400,Sabha,27.0377,14.4283,54.34,33,37,5.35,LY,2021-02-20 21:48:07
401,Sept-Iles,50.2001,-66.3821,23.0,30,75,8.05,CA,2021-02-20 21:49:00
402,Westport,41.1415,-73.3579,34.0,55,75,10.36,US,2021-02-20 21:44:54
403,Raudeberg,61.9875,5.1352,50.0,84,100,17.11,NO,2021-02-20 21:49:01
404,Saint Anthony,45.0205,-93.218,24.8,53,20,9.22,US,2021-02-20 21:49:01
405,Harper,4.375,-7.7169,78.8,86,76,5.79,LR,2021-02-20 21:49:01
406,Boyolangu,-8.1181,111.8935,74.66,85,92,4.59,ID,2021-02-20 21:49:01
407,Yumen,40.2833,97.2,31.14,76,76,2.71,CN,2021-02-20 21:45:36
408,Hamza,40.4264,71.4956,44.6,87,90,4.61,UZ,2021-02-20 21:49:02
409,Fortuna,40.5982,-124.1573,52.0,81,90,11.5,US,2021-02-20 21:44:07
410,Benemerito De Las Americas,16.5167,-90.6439,72.46,67,85,1.5,MX,2021-02-20 21:49:02
411,Kirkland Lake,48.1446,-80.0377,24.8,54,100,3.91,CA,2021-02-20 21:49:03
412,Kudahuvadhoo,2.6708,72.8944,81.07,74,43,10.45,MV,2021-02-20 21:46:00
413,Margate,51.3813,1.3862,54.0,68,55,4.0,GB,2021-02-20 21:45:06
414,Ibia,-19.4783,-46.5389,69.01,100,26,5.01,BR,2021-02-20 21:49:03
415,Tautira,-17.7333,-149.15,80.6,74,75,6.91,PF,2021-02-20 21:46:12
416,Valleyview,55.0667,-117.2859,33.8,44,75,18.41,CA,2021-02-20 21:49:04
417,Manaus,-3.1019,-60.025,77.0,88,75,3.44,BR,2021-02-20 21:49:04
418,Selikhino,50.3672,137.4996,3.16,93,100,2.86,RU,2021-02-20 21:49:04
419,Kindu,-2.95,25.95,66.96,97,100,1.32,CD,2021-02-20 21:49:04
420,Bom Despacho,-19.7364,-45.2522,72.28,88,34,3.42,BR,2021-02-20 21:44:19
421,Alpena,45.0617,-83.4327,30.0,50,90,3.44,US,2021-02-20 21:49:04
422,Erenhot,43.6475,111.9767,29.88,87,43,12.24,CN,2021-02-20 21:44:09
423,Manggar,-2.8833,108.2667,78.87,84,96,10.69,ID,2021-02-20 21:46:11
424,Shar,49.5886,81.0453,-0.47,88,64,7.09,KZ,2021-02-20 21:49:05
425,Kandi,11.1342,2.9386,72.61,18,49,5.12,BJ,2021-02-20 21:44:22
426,Zhytomyr,50.2649,28.6767,31.23,99,100,7.72,UA,2021-02-20 21:49:05
427,Krasnokamensk,50.0979,118.0369,2.97,93,100,4.05,RU,2021-02-20 21:49:05
428,Iquique,-20.2208,-70.1431,73.4,56,0,25.32,CL,2021-02-20 21:49:06
429,Hakui,36.8833,136.7833,51.8,71,75,9.22,JP,2021-02-20 21:49:06
430,Bintulu,3.1667,113.0333,73.4,94,20,2.3,MY,2021-02-20 21:45:09
431,Nova Prata,-28.7839,-51.61,73.99,72,0,1.99,BR,2021-02-20 21:49:06
432,Chagoda,59.164,35.3285,3.43,94,100,6.17,RU,2021-02-20 21:49:06
433,Mayumba,-3.432,10.6554,79.61,81,100,1.43,GA,2021-02-20 21:49:06
434,Dukat,62.55,155.55,-31.72,81,3,4.14,RU,2021-02-20 21:49:07
435,Bandarbeyla,9.4942,50.8122,73.81,73,96,17.94,SO,2021-02-20 21:44:26
436,Mizdah,31.4451,12.9801,56.5,32,100,5.53,LY,2021-02-20 21:49:07
437,Vengerovo,55.6848,76.7471,-8.75,90,100,10.38,RU,2021-02-20 21:49:07
438,Plettenberg Bay,-34.0527,23.3716,62.51,76,16,6.38,ZA,2021-02-20 21:49:07
439,Fuerte Olimpo,-21.0415,-57.8738,86.34,48,10,1.81,PY,2021-02-20 21:45:10
440,Tamalameque,8.8522,-73.8123,95.02,34,63,6.24,CO,2021-02-20 21:49:08
441,Garoua Boulai,5.8833,14.55,69.19,30,90,3.94,CM,2021-02-20 21:49:08
442,Egersund,58.4513,5.9997,48.2,81,40,24.16,NO,2021-02-20 21:49:08
443,High Level,58.5169,-117.136,19.4,86,75,5.75,CA,2021-02-20 21:45:28
444,Vila Franca Do Campo,37.7167,-25.4333,53.6,71,40,19.57,PT,2021-02-20 21:44:41
445,Zahirabad,17.6833,77.6167,63.41,76,86,6.87,IN,2021-02-20 21:49:09
446,Vardo,70.3705,31.1107,18.52,93,69,26.93,NO,2021-02-20 21:44:17
447,Qui Nhon,13.7667,109.2333,65.34,86,93,7.92,VN,2021-02-20 21:44:40
448,Pocone,-16.2567,-56.6228,85.32,49,71,5.08,BR,2021-02-20 21:49:09
449,Svetlaya,46.5389,138.3297,9.88,84,36,10.71,RU,2021-02-20 21:49:09
450,Puerto Madryn,-42.7692,-65.0385,73.51,27,0,9.6,AR,2021-02-20 21:49:09
451,Pointe Michel,15.25,-61.3833,78.8,69,40,12.66,DM,2021-02-20 21:49:10
452,Puerto Vallarta,20.6204,-105.2307,77.0,73,1,11.5,MX,2021-02-20 21:49:10
453,Meulaboh,4.1363,96.1285,77.63,84,96,3.83,ID,2021-02-20 21:44:17
454,Nyimba,-14.5566,30.8149,70.12,94,100,1.7,ZM,2021-02-20 21:49:10
455,Basco,20.4487,121.9702,70.29,70,100,18.16,PH,2021-02-20 21:49:11
456,Samarai,-10.6167,150.6667,83.17,74,95,3.06,PG,2021-02-20 21:45:08
457,Magistralnyy,56.1725,107.4458,-6.92,86,100,5.84,RU,2021-02-20 21:49:11
458,El Sauzal,31.9,-116.6833,64.0,76,8,3.0,MX,2021-02-20 21:49:11
459,Prince Rupert,54.3161,-130.3201,39.2,93,90,16.11,CA,2021-02-20 21:44:20
460,Corovode,40.5042,20.2272,41.97,72,1,3.67,AL,2021-02-20 21:49:11
461,Tamiahua,21.2667,-97.45,63.77,70,60,7.72,MX,2021-02-20 21:49:11
462,Jiuquan,39.7432,98.5174,33.39,69,56,3.67,CN,2021-02-20 21:46:02
463,Ladario,-19.0047,-57.6017,93.2,40,0,4.61,BR,2021-02-20 21:49:12
464,Darhan,49.4867,105.9228,3.24,91,100,3.78,MN,2021-02-20 21:49:12
465,Niceville,30.5169,-86.4822,60.8,31,1,8.05,US,2021-02-20 21:49:12
466,Kemijarvi,66.7131,27.4306,1.58,92,100,12.39,FI,2021-02-20 21:49:12
467,Fecamp,49.7579,0.3746,59.0,58,0,11.5,FR,2021-02-20 21:49:13
468,Saint-Pierre,-21.3393,55.4781,78.8,78,0,4.61,RE,2021-02-20 21:44:30
469,Hambantota,6.1241,81.1185,76.26,88,68,13.76,LK,2021-02-20 21:44:24
470,Cabo San Lucas,22.8909,-109.9124,73.0,49,1,10.36,MX,2021-02-20 21:44:45
471,Taiyuan,37.8694,112.5603,32.0,40,0,2.24,CN,2021-02-20 21:49:13
472,Santa Maria,-29.6842,-53.8069,86.0,48,20,4.61,BR,2021-02-20 21:45:12
473,Porto Novo,6.4965,2.6036,82.4,61,0,4.61,BJ,2021-02-20 21:49:14
474,Cayenne,4.9333,-52.3333,80.6,74,90,8.05,GF,2021-02-20 21:42:05
475,Kailua,21.4022,-157.7394,80.6,65,75,9.22,US,2021-02-20 21:49:14
476,Mayo,38.8876,-76.5119,32.0,40,40,14.97,US,2021-02-20 21:49:14
477,Havoysund,70.9963,24.6622,12.2,79,90,18.41,NO,2021-02-20 21:49:14
478,Valdivia,-39.8142,-73.2459,75.2,41,0,6.91,CL,2021-02-20 21:45:27
479,Segou,13.4317,-6.2157,83.26,15,2,8.28,ML,2021-02-20 21:49:15
480,Buenaventura,3.8801,-77.0312,81.93,72,6,5.73,CO,2021-02-20 21:49:15
481,Eureka,40.8021,-124.1637,55.99,74,45,7.0,US,2021-02-20 21:47:39
482,Tuatapere,-46.1333,167.6833,64.99,60,0,5.99,NZ,2021-02-20 21:45:15
483,Irece,-11.3042,-41.8558,73.54,81,100,2.64,BR,2021-02-20 21:49:15
484,Amapa,1.0,-52.0,73.87,96,100,3.47,BR,2021-02-20 21:49:15
485,Boende,-0.2167,20.8667,71.02,68,70,1.16,CD,2021-02-20 21:49:16
486,Ponte Nova,-20.4164,-42.9086,73.62,87,67,2.24,BR,2021-02-20 21:47:00
487,Vondrozo,-22.8167,47.2833,72.0,100,59,0.29,MG,2021-02-20 21:49:16
488,Alghero,40.5589,8.3181,46.4,100,0,2.3,IT,2021-02-20 21:49:16
489,Muzhi,65.3667,64.6667,-36.94,83,72,5.64,RU,2021-02-20 21:49:16
490,Presidente Medici,-11.1753,-61.9014,76.21,92,100,4.36,BR,2021-02-20 21:49:16
491,Thunder Bay,48.4001,-89.3168,23.0,54,1,12.66,CA,2021-02-20 21:48:13
492,Cedar City,37.6775,-113.0619,35.01,75,90,16.11,US,2021-02-20 21:49:17
493,Limbang,4.75,115.0,78.8,83,75,3.44,MY,2021-02-20 21:49:17
494,Sesheke,-17.4759,24.2968,68.97,92,100,7.07,ZM,2021-02-20 21:49:17
495,Flinders,-34.5833,150.8552,73.99,93,0,1.99,AU,2021-02-20 21:44:53
496,Kiwira,-9.1667,33.5333,63.63,84,100,3.22,TZ,2021-02-20 21:49:18
497,Lincoln,40.8,-96.667,35.01,60,1,9.82,US,2021-02-20 21:44:36
498,Rio Grande,-32.035,-52.0986,75.0,81,5,9.48,BR,2021-02-20 21:46:08
499,Lejanias,3.5251,-74.0216,81.25,50,56,4.36,CO,2021-02-20 21:49:18
500,Piranshahr,36.701,45.1413,26.51,91,34,4.65,IR,2021-02-20 21:49:18
501,Juneau,58.3019,-134.4197,35.6,80,90,25.32,US,2021-02-20 21:45:57
502,Port-Gentil,-0.7193,8.7815,80.6,89,20,2.3,GA,2021-02-20 21:46:04
503,Oga,46.4631,10.347,48.0,93,0,1.14,IT,2021-02-20 21:49:19
504,Veroli,41.6911,13.4177,46.99,90,0,2.68,IT,2021-02-20 21:49:19
505,San Andres,12.5847,-81.7006,84.2,65,20,13.8,CO,2021-02-20 21:49:19
506,Ashtabula,41.7001,-80.7665,23.0,79,90,13.8,US,2021-02-20 21:49:19
507,Aleksandrovskoye,44.7142,43.0008,8.6,85,6,6.71,RU,2021-02-20 21:49:20
508,Adwa,14.1646,38.8955,56.77,66,9,1.74,ET,2021-02-20 21:49:20
509,Clarence Town,-32.5833,151.7833,75.2,83,75,10.36,AU,2021-02-20 21:49:20
510,Malaya Serdoba,52.4661,44.9512,1.2,93,100,3.02,RU,2021-02-20 21:49:20
511,Bowen,-20.0167,148.2333,73.4,94,96,6.24,AU,2021-02-20 21:44:38
512,Newark,40.7357,-74.1724,34.0,47,75,16.11,US,2021-02-20 21:49:20
513,Yanji,42.9075,129.5078,18.61,96,99,2.15,CN,2021-02-20 21:49:21
514,Pauini,-7.7136,-66.9764,78.28,91,78,1.25,BR,2021-02-20 21:49:21
515,Liverpool,53.4106,-2.9779,53.6,87,40,19.57,GB,2021-02-20 21:49:21
516,Verkhoyansk,67.5447,133.385,-38.07,77,55,0.36,RU,2021-02-20 21:49:21
517,Lardos,36.0942,28.0157,55.4,58,20,5.75,GR,2021-02-20 21:49:21
518,Anqing,30.5092,117.0506,53.69,68,0,5.84,CN,2021-02-20 21:49:21
519,Richards Bay,-28.783,32.0377,75.94,86,100,18.57,ZA,2021-02-20 21:44:36
520,Eyl,7.9803,49.8164,73.33,79,79,15.39,SO,2021-02-20 21:49:22
521,Paoua,7.2427,16.4406,70.36,24,5,3.04,CF,2021-02-20 21:49:22
522,Abu Samrah,35.3029,37.1841,41.34,65,18,5.06,SY,2021-02-20 21:49:22
523,Bubaque,11.2833,-15.8333,78.98,66,57,11.95,GW,2021-02-20 21:44:44
524,Madiun,-7.6298,111.5239,74.07,91,88,0.56,ID,2021-02-20 21:49:23
525,Palmas,-10.2128,-48.3603,77.0,94,75,2.3,BR,2021-02-20 21:49:23
526,Gushikawa,26.3544,127.8686,53.6,76,20,3.44,JP,2021-02-20 21:45:34
527,Gladstone,-23.85,151.25,77.0,78,4,7.78,AU,2021-02-20 21:49:23
528,Bayir,37.2687,28.2167,44.6,76,75,4.61,TR,2021-02-20 21:49:23
529,Dargaville,-35.9333,173.8833,71.42,54,21,4.47,NZ,2021-02-20 21:49:24
530,Dali,25.7,100.1833,45.37,70,88,3.15,CN,2021-02-20 21:49:24
531,Wattegama,6.7989,81.4808,71.62,95,92,3.94,LK,2021-02-20 21:49:24
532,Coihaique,-45.5752,-72.0662,59.0,47,75,5.75,CL,2021-02-20 21:44:57
533,Santa Maria Del Oro,25.9333,-105.3667,82.2,12,0,12.84,MX,2021-02-20 21:49:24
534,Kropotkin,45.4375,40.5756,28.0,94,15,3.02,RU,2021-02-20 21:45:58
535,Ganzhou,28.8184,115.4327,53.1,66,0,2.55,CN,2021-02-20 21:49:25
536,Petropavlovsk-Kamchatskiy,53.0452,158.6483,10.4,79,75,6.71,RU,2021-02-20 21:49:25
537,Windhoek,-22.5594,17.0832,70.0,60,55,2.3,NA,2021-02-20 21:49:25
538,Rockingham,42.9668,-71.0995,28.99,40,95,3.0,US,2021-02-20 21:47:20
539,Novyye Burasy,52.1324,46.0714,5.0,46,96,1.01,RU,2021-02-20 21:49:26
540,Nsanje,-16.92,35.262,79.18,75,100,1.5,MW,2021-02-20 21:49:26
541,Nikki,9.9401,3.2108,72.68,18,9,4.72,BJ,2021-02-20 21:49:26
542,Katsuura,35.1333,140.3,55.0,76,20,9.22,JP,2021-02-20 21:45:16
543,Shache,38.4167,77.2406,38.37,61,4,2.86,CN,2021-02-20 21:45:18
544,Kuching,1.55,110.3333,73.4,94,40,2.3,MY,2021-02-20 21:49:27
545,Andenes,69.3143,16.1194,26.6,86,90,25.32,NO,2021-02-20 21:49:27
546,Maragogi,-9.0122,-35.2225,78.85,79,100,10.25,BR,2021-02-20 21:49:27
547,La Asuncion,11.0333,-63.8628,76.35,78,95,14.97,VE,2021-02-20 21:44:33
548,Edson,53.5835,-116.4356,37.4,35,20,18.41,CA,2021-02-20 21:49:27
549,Rawson,-43.3002,-65.1023,70.7,31,0,5.41,AR,2021-02-20 21:41:19
550,Kariba,-16.5167,28.8,71.65,89,100,3.87,ZW,2021-02-20 21:49:28
551,Teahupoo,-17.8333,-149.2667,80.6,74,75,6.91,PF,2021-02-20 21:49:28
552,Salinas,36.6777,-121.6555,59.0,55,75,8.05,US,2021-02-20 21:47:26
553,Jos,9.9167,8.9,61.47,31,17,3.27,NG,2021-02-20 21:49:28
554,Ialibu,-6.2821,143.9935,60.17,95,100,1.03,PG,2021-02-20 21:49:28
555,Carbonear,47.7332,-53.2148,24.01,74,90,11.5,CA,2021-02-20 21:48:44
556,Fushun,41.8558,123.9233,33.8,64,0,4.47,CN,2021-02-20 21:49:29
557,Viet Tri,21.3019,105.4308,62.6,82,25,4.61,VN,2021-02-20 21:49:29
558,Birao,10.2849,22.7882,70.2,21,21,5.77,CF,2021-02-20 21:49:29
559,Tshikapa,-6.4167,20.8,71.53,91,100,2.06,CD,2021-02-20 21:49:29
560,Victor Harbor,-35.5667,138.6167,63.0,70,66,1.99,AU,2021-02-20 21:47:15
561,Vostok,46.4856,135.8833,-6.3,91,100,4.45,RU,2021-02-20 21:44:20
562,Portree,57.4129,-6.1942,45.0,81,99,24.0,GB,2021-02-20 21:49:30
563,Bonavista,48.6499,-53.1147,24.01,79,100,3.44,CA,2021-02-20 21:45:32
564,Kongolo,-5.3833,27.0,67.51,95,100,1.16,CD,2021-02-20 21:49:30
565,Sioux Lookout,50.1001,-91.917,26.6,46,20,14.97,CA,2021-02-20 21:46:13
566,Omsukchan,62.5333,155.8,-30.8,79,23,4.99,RU,2021-02-20 21:49:30
567,Teya,60.3778,92.6267,-25.38,82,97,3.22,RU,2021-02-20 21:44:27
568,Nantucket,41.2835,-70.0995,30.99,80,90,11.5,US,2021-02-20 21:49:31
569,Bayangol,50.6977,103.4656,-10.53,87,91,4.03,RU,2021-02-20 21:49:31
570,Codrington,-38.2667,141.9667,60.6,69,78,7.2,AU,2021-02-20 21:44:32
571,Ayapel,8.3137,-75.1398,90.01,52,88,3.24,CO,2021-02-20 21:49:31
572,Sri Aman,1.2376,111.4621,71.6,100,76,0.76,MY,2021-02-20 21:49:31
573,Salaverry,-8.2333,-78.9667,69.8,83,90,10.36,PE,2021-02-20 21:49:31
574,Leh,34.1667,77.5833,19.6,83,80,2.95,IN,2021-02-20 21:46:10
575,Gobabis,-22.45,18.9667,72.61,57,98,13.38,NA,2021-02-20 21:49:32
576,Robertsonpet,12.9667,78.2833,66.2,94,40,5.75,IN,2021-02-20 21:49:32
577,Uyuni,-20.4597,-66.825,63.66,32,38,7.7,BO,2021-02-20 21:49:32
578,Jacareacanga,-6.2222,-57.7528,75.16,95,100,3.18,BR,2021-02-20 21:49:33
579,Wabana,47.6332,-52.9481,23.0,74,90,11.5,CA,2021-02-20 21:49:33
580,Port Blair,11.6667,92.75,77.74,77,24,11.61,IN,2021-02-20 21:49:33
581,Impfondo,1.6381,18.0667,72.63,52,78,3.24,CG,2021-02-20 21:49:33
582,Kainantu,-6.2887,145.8655,65.39,87,43,0.65,PG,2021-02-20 21:49:34
583,Kibre Mengist,5.8833,38.9833,61.54,85,93,4.05,ET,2021-02-20 21:49:34
584,Erzin,36.9559,36.2,39.99,45,0,11.01,TR,2021-02-20 21:49:34
585,Cim,43.3528,17.7772,39.2,100,40,1.14,BA,2021-02-20 21:49:34
586,Pomerode,-26.7406,-49.1769,80.6,74,0,9.22,BR,2021-02-20 21:49:34
587,Metlika,45.6472,15.3142,48.2,76,45,2.3,SI,2021-02-20 21:49:34
588,Kenai,60.5544,-151.2583,10.99,66,90,12.66,US,2021-02-20 21:49:35
589,Gunnedah,-30.9833,150.25,73.0,77,26,4.0,AU,2021-02-20 21:49:35
590,Half Moon Bay,37.4636,-122.4286,60.01,76,1,19.57,US,2021-02-20 21:46:10
591,Lumby,50.2498,-118.969,44.01,60,63,3.44,CA,2021-02-20 21:49:35
592,Vestmannaeyjar,63.4427,-20.2734,42.82,75,66,20.04,IS,2021-02-20 21:46:16
593,Batagay-Alyta,67.8006,130.4114,-31.94,80,16,0.92,RU,2021-02-20 21:49:35
594,Conceicao Do Mato Dentro,-19.0372,-43.425,70.77,90,79,3.13,BR,2021-02-20 21:49:36
595,Ngorongoro,-3.2397,35.4875,53.98,98,53,2.77,TZ,2021-02-20 21:49:36
596,Gloversville,43.0528,-74.3438,26.01,54,90,10.36,US,2021-02-20 21:49:36
597,Felanitx,39.4696,3.1483,55.0,87,0,9.22,ES,2021-02-20 21:46:15
598,Maloy,61.9353,5.1136,50.0,81,90,19.57,NO,2021-02-20 21:49:36
599,Talakan,50.3167,130.3667,-10.12,89,99,1.48,RU,2021-02-20 21:49:37
600,Kurilsk,45.2333,147.8833,22.62,95,99,24.52,RU,2021-02-20 21:45:22
601,Takoradi,4.8845,-1.7554,80.73,82,57,9.73,GH,2021-02-20 21:45:27
602,San Carlos,9.6612,-68.5827,88.93,38,98,7.16,VE,2021-02-20 21:49:37
603,Itaituba,-4.2761,-55.9836,77.27,95,100,1.99,BR,2021-02-20 21:49:37
604,Huarmey,-10.0681,-78.1522,74.57,68,0,11.01,PE,2021-02-20 21:49:37
605,Kayes,14.0,-11.0,87.89,19,97,6.31,ML,2021-02-20 21:49:37
606,Alamosa,37.4695,-105.87,42.8,42,1,24.16,US,2021-02-20 21:49:38
607,Manado,1.487,124.8455,77.0,94,40,2.3,ID,2021-02-20 21:49:38
608,Marrakesh,31.6315,-8.0083,68.0,24,40,3.44,MA,2021-02-20 21:45:36
609,Teguise,29.0605,-13.564,66.2,88,20,21.85,ES,2021-02-20 21:49:38
610,Waipawa,-41.4122,175.5153,64.4,72,75,23.02,NZ,2021-02-20 21:44:01
611,Marivan,35.5219,46.176,32.88,94,91,1.86,IR,2021-02-20 21:49:39
612,Nuuk,64.1835,-51.7216,10.4,67,90,13.8,GL,2021-02-20 21:47:12
613,Cortez,37.3489,-108.5859,46.4,34,1,8.05,US,2021-02-20 21:49:39
614,Kiunga,-6.1219,141.2906,73.71,98,100,2.8,PG,2021-02-20 21:45:07
615,Jiayuguan,39.8167,98.3,32.47,71,48,1.5,CN,2021-02-20 21:44:33
616,Along,28.1667,94.7667,54.77,63,0,1.92,IN,2021-02-20 21:49:40
617,Gizo,-8.103,156.8419,84.72,69,86,3.89,SB,2021-02-20 21:49:40
618,Caravelas,-17.7125,-39.2481,78.28,85,100,6.8,BR,2021-02-20 21:49:40
619,Kholodnyy,62.7167,147.95,-25.71,81,37,3.38,RU,2021-02-20 21:44:07
620,Konstantinovka,49.6167,127.9833,-9.54,87,0,0.92,RU,2021-02-20 21:49:40
621,Calvinia,-31.4707,19.776,48.97,88,0,4.83,ZA,2021-02-20 21:45:54
622,San Ignacio,17.1561,-89.0714,71.01,73,75,11.5,BZ,2021-02-20 21:49:41
623,Zyryanka,65.75,150.85,-35.81,83,29,1.43,RU,2021-02-20 21:49:41
624,La Libertad,-2.2333,-80.9,80.6,74,0,9.22,EC,2021-02-20 21:46:09
625,Tucurui,-3.7661,-49.6725,79.54,78,95,2.66,BR,2021-02-20 21:49:41
626,Honiara,-9.4333,159.95,82.22,76,89,1.7,SB,2021-02-20 21:49:41
627,Ipixuna,-1.7625,-48.8043,73.4,94,75,2.3,BR,2021-02-20 21:49:42
628,Ambulu,-8.345,113.6058,75.72,82,97,2.51,ID,2021-02-20 21:49:42
629,Lamu,-2.2717,40.902,77.83,86,100,11.3,KE,2021-02-20 21:49:42
630,Killybegs,54.6333,-8.45,43.0,88,32,13.0,IE,2021-02-20 21:49:42
631,Umm Lajj,25.0213,37.2685,67.68,48,0,13.62,SA,2021-02-20 21:49:42
632,Salalah,17.0151,54.0924,69.8,49,0,5.75,OM,2021-02-20 21:45:17
633,Tikapur,28.5,81.1333,57.29,40,0,3.13,NP,2021-02-20 21:49:43
634,Shahr-E Kord,32.3256,50.8644,30.2,40,0,13.8,IR,2021-02-20 21:48:56
635,Santiago Del Estero,-27.7951,-64.2615,79.0,67,29,4.0,AR,2021-02-20 21:42:44
636,Tura,25.5198,90.2201,63.39,32,0,3.96,IN,2021-02-20 21:44:50
637,Sakhnovshchyna,49.1517,35.872,22.19,98,100,10.92,UA,2021-02-20 21:49:43
638,Imuris,30.7833,-110.8667,75.7,18,0,16.87,MX,2021-02-20 21:49:44
639,Saint George,37.1041,-113.5841,57.2,17,20,18.41,US,2021-02-20 21:44:42
640,Ambanja,-13.6833,48.45,76.8,89,100,3.49,MG,2021-02-20 21:49:44
641,Kyaikto,17.3,97.0167,77.54,59,99,3.69,MM,2021-02-20 21:49:44
642,Redmond,47.674,-122.1215,50.0,73,39,6.85,US,2021-02-20 21:45:18
643,Baglung,28.2719,83.5898,53.71,40,0,4.74,NP,2021-02-20 21:49:44
644,Xining,36.6167,101.7667,28.85,58,84,2.93,CN,2021-02-20 21:40:28
645,Dingzhou,38.5131,114.9956,59.0,14,0,6.71,CN,2021-02-20 21:49:45
646,Kathu,7.9178,98.3332,77.0,73,20,14.97,TH,2021-02-20 21:49:45
647,Ville-Marie,47.3335,-79.433,21.2,58,75,3.44,CA,2021-02-20 21:49:45
648,Betsiamites,48.9413,-68.646,23.0,46,20,2.3,CA,2021-02-20 21:49:45
649,Niamey,13.5137,2.1098,77.0,8,62,5.75,NE,2021-02-20 21:46:35
650,Yakhroma,56.3,37.4833,14.0,85,98,8.95,RU,2021-02-20 21:49:46
651,Kapit,2.0167,112.9333,71.28,94,61,0.65,MY,2021-02-20 21:46:13
652,Marfino,55.7028,37.3822,14.0,79,0,4.47,RU,2021-02-20 21:49:46
653,Matara,5.9485,80.5353,74.71,89,92,8.19,LK,2021-02-20 21:45:28
654,Hohhot,40.8106,111.6522,28.4,37,47,4.47,CN,2021-02-20 21:49:22
655,Hirado,33.3597,129.5531,59.0,53,0,5.01,JP,2021-02-20 21:49:47
656,Axim,4.8699,-2.2405,79.77,83,73,8.75,GH,2021-02-20 21:49:47
657,Tucupita,9.0622,-62.051,78.35,70,94,5.68,VE,2021-02-20 21:49:47
658,Mount Isa,-20.7333,139.5,73.4,83,17,5.75,AU,2021-02-20 21:43:14
659,Lapeer,43.0514,-83.3188,27.0,59,1,9.22,US,2021-02-20 21:49:47
660,Pechenga,69.5259,31.1703,-0.4,85,54,9.22,RU,2021-02-20 21:49:48
661,Souillac,-20.5167,57.5167,78.8,83,40,8.05,MU,2021-02-20 21:44:44
662,Vung Tau,10.346,107.0843,71.87,82,85,13.76,VN,2021-02-20 21:49:48
663,Natitingou,10.3042,1.3796,75.2,23,48,2.3,BJ,2021-02-20 21:49:48
664,Oksfjord,70.2396,22.3479,12.2,67,75,9.22,NO,2021-02-20 21:49:48
665,Nizhneudinsk,54.9076,99.0276,-5.96,87,99,2.89,RU,2021-02-20 21:49:48
666,Behshahr,36.6923,53.5526,43.54,72,13,2.66,IR,2021-02-20 21:49:49
667,Aksu,41.1231,80.2644,38.89,63,88,7.05,CN,2021-02-20 21:44:16
668,Tabou,4.423,-7.3528,78.49,87,26,6.58,CI,2021-02-20 21:45:17
669,Belyy Yar,53.6039,91.3903,5.0,66,0,2.06,RU,2021-02-20 21:45:03
670,Beaverton,45.4871,-122.8037,52.0,61,90,3.44,US,2021-02-20 21:47:47
671,Natal,-5.795,-35.2094,82.4,78,40,11.5,BR,2021-02-20 21:49:49
672,Rensvik,63.1,7.8167,44.6,61,75,6.91,NO,2021-02-20 21:49:49
673,Dicabisagan,17.0818,122.4157,66.96,75,100,7.99,PH,2021-02-20 21:49:50
674,Rodrigues Alves,-7.738,-72.6509,87.8,66,40,4.61,BR,2021-02-20 21:49:50
675,Cicero Dantas,-10.6,-38.3833,77.83,57,98,13.62,BR,2021-02-20 21:49:50
676,Baherden,38.4362,57.4316,42.49,63,0,5.77,TM,2021-02-20 21:49:50
677,Fukue,32.6881,128.8419,60.76,68,0,19.48,JP,2021-02-20 21:49:50
678,Abonnema,4.7084,6.7931,80.4,73,75,7.47,NG,2021-02-20 21:49:50
679,Kenora,49.8167,-94.4337,26.6,50,75,14.97,CA,2021-02-20 21:49:25
680,Alice Springs,-23.7,133.8833,87.01,53,1,4.61,AU,2021-02-20 21:43:59
681,Warrington,53.3925,-2.5802,53.6,87,40,19.57,GB,2021-02-20 21:49:51
682,Kamenka,51.3223,42.7678,17.01,77,99,5.73,RU,2021-02-20 21:49:51
683,Masallatah,32.6167,14.0,58.39,42,65,12.5,LY,2021-02-20 21:49:51
684,Qasigiannguit,68.8193,-51.1922,-0.4,71,90,11.5,GL,2021-02-20 21:49:51
685,Markivka,49.5229,39.5705,19.17,93,100,7.02,UA,2021-02-20 21:49:52
686,Marsh Harbour,26.5412,-77.0636,69.6,84,88,26.06,BS,2021-02-20 21:44:46
687,Fuxin,42.0156,121.6589,27.72,88,36,5.14,CN,2021-02-20 21:49:52
688,Ahuimanu,21.4447,-157.8378,80.6,65,75,9.22,US,2021-02-20 21:49:52
689,Mosquera,4.7059,-74.2302,60.8,72,90,11.5,CO,2021-02-20 21:49:52
690,Hope,33.6671,-93.5916,46.4,46,1,4.25,US,2021-02-20 21:49:52
691,Jumla,29.2747,82.1838,40.03,59,0,3.42,NP,2021-02-20 21:45:18
692,Matongo,-2.3833,34.0833,65.43,81,85,2.17,TZ,2021-02-20 21:49:53
693,Trapani,37.8333,12.6667,51.8,93,0,5.75,IT,2021-02-20 21:49:53
